Salmiya Amman St Branch ,Hawalli Governorate,1 - 82 - 7272,"Abothar Al Ghafari St., - Along 5th Ring Road, Salmiya ","29.320259,48.060148",11AM - 2AM 
Shawafat Branch ,Capital Governorate,1 - 82 - 7272,"Block 1, Ground Floor, Al Shawafat Building, Sharq","29.372716,47.988991",11:30AM - 11:30PM
Salwa Branch ,Hawalli Governorate,1 - 82 - 7272,"Block 8, Street 6, Salwa Jamiya Bldg. ","29.298448,48.077854",11:30AM - 1:30AM
Kheitan Branch ,Farwaniyah Governorate,1 - 82 - 7272,"Al Nage St. Block 7, Kheitan","29.282749,47.969360",11AM - 2AM 
Salmiya City Bus Branch (Relocated Branch) ,Hawalli Governorate,1 - 82 - 7272,"Street 12-lane 4, Block 10,  Salmiya","29.326192,48.070892",12:30PM - 12AM 
Sabah Al Nasser Branch ,Farwaniyah Governorate,1 - 82 - 7272,"Block 1, Street 26, Sabah Al Nasser ","29.273770,47.876303",11AM - 2AM
Yarmouk Branch ,Capital Governorate,1 - 82 - 7272,"2nd Floor, Yarmouk Main Coop, Block 3, Yarmouk","29.309706,47.968952",12:30PM - 11:30PM
Qurtoba  Branch ,Capital Governorate,1 - 82 - 7272,"Block 3, Main Jamiya, Qurtoba ","29.313091,47.985983",12PM - 11:30PM
West Mishref Branch ,Hawalli Governorate,1 - 82 - 7272,BLOCK # 1 ST. 120 BESIDE CO - OP # 1 & Beside Al Waheba Mosque,"29.281580,48.050852",11:30AM - 2AM
Kaifan Branch ,Capital Governorate,1 - 82 - 7272,"Block 2, New Kaifan Mall, Kaifan ","29.339213,47.962011",11:30AM - 11PM
Riggae Branch ,Farwaniyah Governorate,1 - 82 - 7272,"Block 13 Bldg 33, Riggae ","29.302647,47.917187",11:30AM - 1AM
Hawally City Bus Branch ,Hawalli Governorate,1 - 82 - 7272,"Block 1, Near Al Plaza Mall, Hawally","29.344404,48.007494",12:30PM - 2AM 
Farwaniyah 1  Branch ,Farwaniyah Governorate,1 - 82 - 7272,Block 2 St. 132 Opp. Rotanna Taxi Behind Al Rowad School ,"29.279184,47952560",12:30PM - 1:30AM
Mahaboula Branch ,Ahmadi Branch,1 - 82 - 7272,"KRH 6 BLDG, Main Road, Mahaboula ","29.145222,48.119580",11AM - 2AM
Mubarak Al Kabeer Branch ,Mubarak Al Kabeer Governorate,1 - 82 - 7272,Block # 4 Beside Mubarak Al Kabeer Post,"29.184689,48.080639",11AM - 1AM 
Qurain Branch ,Mubarak Al Kabeer Governorate,1 - 82 - 7272,24 Street 12 West Abu Fatira ,"29.194283,48.066212",12:30PM - 1AM
Jahraa 1 Branch ,Jahraa Governorate,1 - 82 - 7272,"Jahraa Industrial Area, Area 6 ","29.318047,47.658859",11AM - 1AM 
Doha Branch ,Jahraa Governorate,1 - 82 - 7272,"Entertainment City, Doha ",,10AM - 10PM
Jahraa 2 ,Jahraa Governorate,1 - 82 - 7272,4 street 14-18 AL Jahrah,"29.353527,47.667168",2PM - 1 AM 
Fahaheel Branch ,Ahmadi Governorate ,1 - 82 - 7272,"Block 8, Street #28, Building 6, Fahaheel","29.082522,48.124507",12:30PM - 12AM
Jeleeb Al Shuyoukh ,Farwaniyah Governorate,1 - 82 - 7272,"Block 1, Behind NBK and Gulf Mart, St. #50, Al Taba Building","29.260764,47.942595",11:30AM - 1AM 
Farwaniyah 2,Farwaniyah Governorate,1 - 82 - 7272,Qannas Nashi Al Fajji Street 44 t Al Farwaniyah ,"29.273659,47.956654",2:30PM - 11:30PM 
Ardiyah Branch ,Farwaniyah Governorate,1 - 82 - 7272,"Shiekh Zayed Bin Sultan Al Nahyan Road, Ardiyah ","29.297976,47.907956",11:30AM - 10PM 
Al Salam Mall Branch ,Hawalli Governorate,1 - 82 - 7272,"Syed Yasen Street, Al Salam Mall, Salmiya ","29.336292,48.062836",11:30AM - 11:30PM
Salmiya 2,Hawalli Governorate,1 - 82 - 7272,"Lane 2  21, Al Mousa Abdulrazaq, Maidan Hawally ","29.335739,48.046333",12PM - 12AM
Messilah Branch ,Mubarak Al Kabeer Governorate,1 - 82 - 7272,"Block 1, Sabah Salem","29.263435,48.083683",12PM - 12AM 
Bneid AL Gar  Branch ,Capital Governorate,1 - 82 - 7272,Street 77 33 Bneid AL Gar ,"29.374102,47.999209",12:30PM - 10:30PM
Yaal Mall Branch ,Ahmadi Governorate,1 - 82 - 7272,"Block 11, Yaal Mall, Fahaheel ","29.079875,48.137594",12PM - 10PM 
Sabah Salem Branch ,Mubarak Al Kabeer Governorate,1 - 82 - 7272,"1st Street, Block 10 Sabah Salem (near Jamiya 2 & Police Station)","29.256052,48.050941",11am - 2am
Umm Al Hayman Branch ,Ahmadi Governorate,1 - 82 - 7272,"2nd Fllor, Jamiya Main Coop, Ali Sabah Al Salem area","28.962288,48.159678","11am - 2am, daily "
Salmiya Bahrain St. Branch ,Hawalli Governorate,1 - 82 - 7272,"Area #6, Bahrain Street, Salmiya ","29.328787,48.090044",11:30AM - 11:30PM
Mangaf Branch ,Ahmadi Governorate,1 - 82 - 7272,"Building # 38, Block 3, Street # 13, Mangaf ","26.096522,48.128134",11AM - 2AM
Hawally Main Branch ,Hawalli Governorate,1 - 82 - 7272,"Block 9, Street 247, near 4th Ring Road, Hawally ","29.327963,48.021762",11AM - 11:30PM 
Fintas Branch ,Ahmadi Governorate,1 - 82 - 7272,"Block 1, Street 7, Fintas","29.180772,48.117865",11am - 2am
Jabriya Branch ,Hawalli Governorate,1 - 82 - 7272,"Block 1-D,  Street 4, Jabriya ","29.327963,48.021762",11am - 2am 
